id,name,surname,phone,email
"0","Username0","Suname","080-606-8722","1353@gmail.com"
"1","Username1","Suname","080-606-2503","9817@gmail.com"
"2","Username2","Suname","080-606-202","8651@gmail.com"
"3","Username3","Suname","080-606-7571","2143@gmail.com"
"4","Username4","Suname","080-606-5917","9041@gmail.com"
"5","Username5","Suname","080-606-3611","2175@gmail.com"
"6","Username6","Suname","080-606-6068","406@gmail.com"
"7","Username7","Suname","080-606-4576","9527@gmail.com"
"8","Username8","Suname","080-606-8899","9455@gmail.com"
"9","Username9","Suname","080-606-397","3000@gmail.com"
"10","Username10","Suname","080-606-7980","6223@gmail.com"
"11","Username11","Suname","080-606-9544","2736@gmail.com"
